_id	admin_level	confirmed	confirmed_numIncrease	confirmed_rolling	country_name	date	dead	dead_numIncrease	dead_rolling	location_id	mostRecent	name	recovered	recovered_rolling	testing_positive	testing_totalTestResults	testing_positivity	source	confirmed_doublingRate	testing_hospitalizedIncrease	testing_totalTestResultsIncrease	daysSince100Cases	dead_doublingRate	daysSince10Deaths	daysSince50Deaths	testing_hospitalized
"USA_US-NY_2020-03-01"	1	1	1	2.75	"United States of America"	"2020-03-01"	0	0	0	"USA_US-NY"	false	"New York"	0	0	0	0		"The New York Times, The COVID Tracking Project"								
"USA_US-NY_2020-03-02"	1	1	0	4.4	"United States of America"	"2020-03-02"	0	0	0	"USA_US-NY"	false	"New York"	0	0	0	0		"The New York Times, The COVID Tracking Project"								
"USA_US-NY_2020-03-03"	1	2	1	7.333333333333333	"United States of America"	"2020-03-03"	0	0	0	"USA_US-NY"	false	"New York"	0	0	0	0		"The New York Times, The COVID Tracking Project"	1.998							
"USA_US-NY_2020-03-04"	1	11	9	12.714285714285714	"United States of America"	"2020-03-04"	0	0	0	"USA_US-NY"	false	"New York"	0	0	0	0		"The New York Times, The COVID Tracking Project"	0.879							
"USA_US-NY_2020-03-05"	1	22	11	15	"United States of America"	"2020-03-05"	0	0	0	"USA_US-NY"	false	"New York"	0	0	22	98		"The New York Times, The COVID Tracking Project"	0.808	0	44					
"USA_US-NY_2020-03-06"	1	44	22	20.142857142857142	"United States of America"	"2020-03-06"	0	0	0	"USA_US-NY"	false	"New York"	0	0	33	125		"The New York Times, The COVID Tracking Project"	0.695	0	27					
"USA_US-NY_2020-03-07"	1	89	45	24.428571428571427	"United States of America"	"2020-03-07"	0	0	0	"USA_US-NY"	false	"New York"	0	0	76	168		"The New York Times, The COVID Tracking Project"	0.772	0	43					
"USA_US-NY_2020-03-08"	1	106	17	29.428571428571427	"United States of America"	"2020-03-08"	0	0	0	"USA_US-NY"	false	"New York"	0	0	105	197		"The New York Times, The COVID Tracking Project"	1.169	0	29	0.353				
"USA_US-NY_2020-03-09"	1	142	36	43.42857142857143	"United States of America"	"2020-03-09"	0	0	0	"USA_US-NY"	false	"New York"	0	0	142	234		"The New York Times, The COVID Tracking Project"	1.504	0	37	1.353				
"USA_US-NY_2020-03-10"	1	173	31	53.857142857142854	"United States of America"	"2020-03-10"	0	0	0	"USA_US-NY"	false	"New York"	0	0	173	265		"The New York Times, The COVID Tracking Project"	2.159	0	31	2.353				
"USA_US-NY_2020-03-11"	1	217	44	74.42857142857143	"United States of America"	"2020-03-11"	0	0	0.2857142857142857	"USA_US-NY"	false	"New York"	0	0	216	308		"The New York Times, The COVID Tracking Project"	3.054	0	43	3.353				
"USA_US-NY_2020-03-12"	1	326	109	89.42857142857143	"United States of America"	"2020-03-12"	0	0	0.8571428571428571	"USA_US-NY"	false	"New York"	0	0	216	308		"The New York Times, The COVID Tracking Project"	2.596	0	0	4.353				
"USA_US-NY_2020-03-13"	1	421	95	115.42857142857143	"United States of America"	"2020-03-13"	0	0	1.4285714285714286	"USA_US-NY"	false	"New York"	0	0	421	3200		"The New York Times, The COVID Tracking Project"	2.467	0	2892	5.353				
"USA_US-NY_2020-03-14"	1	610	189	171.71428571428572	"United States of America"	"2020-03-14"	2	2	2.5714285714285716	"USA_US-NY"	false	"New York"	0	0	524	3303		"The New York Times, The COVID Tracking Project"	2.18	0	103	6.353				
"USA_US-NY_2020-03-15"	1	732	122	310	"United States of America"	"2020-03-15"	6	4	4.571428571428571	"USA_US-NY"	false	"New York"	0	0	729	5272		"The New York Times, The COVID Tracking Project"	2.265	0	1969	7.353	0.631			
"USA_US-NY_2020-03-16"	1	950	218	547.8571428571429	"United States of America"	"2020-03-16"	10	4	5.571428571428571	"USA_US-NY"	false	"New York"	0	0	950	5493		"The New York Times, The COVID Tracking Project"	2.577	0	221	8.353	0.861	0		
"USA_US-NY_2020-03-17"	1	1375	425	956	"United States of America"	"2020-03-17"	18	8	9.714285714285714	"USA_US-NY"	false	"New York"	0	0	1700	7206		"The New York Times, The COVID Tracking Project"	2.467	0	1713	9.353	0.976	1		
"USA_US-NY_2020-03-18"	1	2387	1012	1394.4285714285713	"United States of America"	"2020-03-18"	32	14	13.285714285714286	"USA_US-NY"	false	"New York"	0	0	2382	14597		"The New York Times, The COVID Tracking Project"	2.063	0	7391	10.353	1.044	2		
"USA_US-NY_2020-03-19"	1	4161	1774	2065.1428571428573	"United States of America"	"2020-03-19"	39	7	19.428571428571427	"USA_US-NY"	false	"New York"	0	0	4152	22284		"The New York Times, The COVID Tracking Project"	1.575	0	7687	11.353	1.412	3		
"USA_US-NY_2020-03-20"	1	7113	2952	2849.8571428571427	"United States of America"	"2020-03-20"	68	29	24.714285714285715	"USA_US-NY"	false	"New York"	0	0	7102	32427		"The New York Times, The COVID Tracking Project"	1.351	0	10143	12.353	1.504	4	0.621	
"USA_US-NY_2020-03-21"	1	10371	3258	3475.5714285714284	"United States of America"	"2020-03-21"	95	27	35.142857142857146	"USA_US-NY"	false	"New York"	0	0	10356	45437		"The New York Times, The COVID Tracking Project"	1.351	1531	13010	13.353	1.699	5	1.621	1531
"USA_US-NY_2020-03-22"	1	15188	4817	4390	"United States of America"	"2020-03-22"	142	47	49.857142857142854	"USA_US-NY"	false	"New York"	0	0	15168	61401		"The New York Times, The COVID Tracking Project"	1.504	823	15964	14.353	1.791	6	2.621	2354
"USA_US-NY_2020-03-23"	1	20899	5711	4985.285714285715	"United States of America"	"2020-03-23"	183	41	66.14285714285714	"USA_US-NY"	false	"New York"	0	0	20875	78289		"The New York Times, The COVID Tracking Project"	1.737	771	16888	15.353	1.81	7	3.621	3125
"USA_US-NY_2020-03-24"	1	25704	4805	5376.142857142857	"United States of America"	"2020-03-24"	264	81	82.42857142857143	"USA_US-NY"	false	"New York"	0	0	25665	91270		"The New York Times, The COVID Tracking Project"	2.12	916	12981	16.353	2.057	8	4.621	4041
"USA_US-NY_2020-03-25"	1	33117	7413	6163.714285714285	"United States of America"	"2020-03-25"	381	117	120	"USA_US-NY"	false	"New York"	0	0	30811	103479		"The New York Times, The COVID Tracking Project"	2.432	1085	12209	17.353	2.039	9	5.621	5126
"USA_US-NY_2020-03-26"	1	39058	5941	6370.714285714285	"United States of America"	"2020-03-26"	502	121	148.28571428571428	"USA_US-NY"	false	"New York"	0	0	37258	122104		"The New York Times, The COVID Tracking Project"	2.95	1795	18625	18.353	2.126	10	6.621	6921
"USA_US-NY_2020-03-27"	1	44746	5688	6657.857142857143	"United States of America"	"2020-03-27"	645	143	189.85714285714286	"USA_US-NY"	false	"New York"	0	0	44635	145753		"The New York Times, The COVID Tracking Project"	3.573	1811	23649	19.353	2.194	11	7.621	8732
"USA_US-NY_2020-03-28"	1	53517	8771	7215.285714285715	"United States of America"	"2020-03-28"	935	290	237.85714285714286	"USA_US-NY"	false	"New York"	0	0	52318	155934		"The New York Times, The COVID Tracking Project"	3.916	1722	10181	20.353	2.265	12	8.621	10454
"USA_US-NY_2020-03-29"	1	59783	6266	7321	"United States of America"	"2020-03-29"	1180	245	290.57142857142856	"USA_US-NY"	false	"New York"	0	0	59513	172360		"The New York Times, The COVID Tracking Project"	4.621	2241	16426	21.353	2.407	13	9.621	12695
"USA_US-NY_2020-03-30"	1	67504	7721	7757.428571428572	"United States of America"	"2020-03-30"	1512	332	351.57142857142856	"USA_US-NY"	false	"New York"	0	0	66497	186468		"The New York Times, The COVID Tracking Project"	5.023	1883	14108	22.353	2.467	14	10.621	14578
"USA_US-NY_2020-03-31"	1	76211	8707	8420.42857142857	"United States of America"	"2020-03-31"	1929	417	438.7142857142857	"USA_US-NY"	false	"New York"	0	0	75795	205186		"The New York Times, The COVID Tracking Project"	5.332	2507	18718	23.353	2.596	15	11.621	17085
"USA_US-NY_2020-04-01"	1	84364	8153	8920.857142857143	"United States of America"	"2020-04-01"	2415	486	514.2857142857143	"USA_US-NY"	false	"New York"	0	0	83712	220880	0.3789931184353495	"The New York Times, The COVID Tracking Project"	6.027	2844	15694	24.353	2.9	16	12.621	19929
"USA_US-NY_2020-04-02"	1	93360	8996	9186	"United States of America"	"2020-04-02"	2963	548	593.5714285714286	"USA_US-NY"	false	"New York"	0	0	92381	238965	0.3865879940577072	"The New York Times, The COVID Tracking Project"	6.245	2857	18085	25.353	3.001	17	13.621	22786
"USA_US-NY_2020-04-03"	1	103689	10329	9412.142857142857	"United States of America"	"2020-04-03"	3716	753	662.4285714285714	"USA_US-NY"	false	"New York"	0	0	102863	260520	0.39483724857976354	"The New York Times, The COVID Tracking Project"	6.539	3424	21555	26.353	3.108	18	14.621	26210
"USA_US-NY_2020-04-04"	1	115963	12274	9356	"United States of America"	"2020-04-04"	4535	819	750.8571428571429	"USA_US-NY"	false	"New York"	0	0	113704	283621	0.400901202661298	"The New York Times, The COVID Tracking Project"	6.601	3261	23101	27.353	3.239	19	15.621	29471
"USA_US-NY_2020-04-05"	1	124085	8122	9558.142857142857	"United States of America"	"2020-04-05"	5335	800	817.5714285714286	"USA_US-NY"	false	"New York"	0	0	122031	302280	0.40370186581976975	"The New York Times, The COVID Tracking Project"	7.001	2822	18659	28.353	3.448	20	16.621	32293
"USA_US-NY_2020-04-06"	1	133389	9304	9810.857142857143	"United States of America"	"2020-04-06"	6149	814	886.1428571428571	"USA_US-NY"	false	"New York"	0	0	130689	320811	0.4073706948951252	"The New York Times, The COVID Tracking Project"	7.788	2084	18531	29.353	3.809	21	17.621	34377
"USA_US-NY_2020-04-07"	1	141703	8314	9877.285714285714	"United States of America"	"2020-04-07"	7185	1036	920.8571428571429	"USA_US-NY"	false	"New York"	0	0	138863	340058	0.4083509283710426	"The New York Times, The COVID Tracking Project"	9.12	2555	19247	30.353	4.279	22	18.621	36932
"USA_US-NY_2020-04-08"	1	151271	9568	9575.285714285714	"United States of America"	"2020-04-08"	8138	953	946.2857142857143	"USA_US-NY"	false	"New York"	0	0	149316	365153	0.4089135239201102	"The New York Times, The COVID Tracking Project"	10.502	3050	25095	31.353	4.715	23	19.621	39982
"USA_US-NY_2020-04-09"	1	162036	10765	9620	"United States of America"	"2020-04-09"	9166	1028	968.7142857142857	"USA_US-NY"	false	"New York"	0	0	159937	391549	0.40847250280296976	"The New York Times, The COVID Tracking Project"	10.502	2870	26396	32.353	5.097	24	20.621	42852
"USA_US-NY_2020-04-10"	1	172830	10794	9226.285714285714	"United States of America"	"2020-04-10"	10162	996	978.4285714285714	"USA_US-NY"	false	"New York"	0	0	170512	417885	0.4080357036026658	"The New York Times, The COVID Tracking Project"	10.664	2916	26336	33.353	5.545	25	21.621	45768
"USA_US-NY_2020-04-11"	1	182990	10160	9096	"United States of America"	"2020-04-11"	11159	997	973.7142857142857	"USA_US-NY"	false	"New York"	0	0	180458	440980	0.40922037280602297	"The New York Times, The COVID Tracking Project"	10.83	2529	23095	34.353	6.301	26	22.621	48297
"USA_US-NY_2020-04-12"	1	191425	8435	9408.42857142857	"United States of America"	"2020-04-12"	12116	957	971.2857142857143	"USA_US-NY"	false	"New York"	0	0	188694	461601	0.40878161009183256	"The New York Times, The COVID Tracking Project"	11.748	2622	20621	35.353	7.001	27	23.621	50919
"USA_US-NY_2020-04-13"	1	197973	6548	9103.57142857143	"United States of America"	"2020-04-13"	12998	882	929	"USA_US-NY"	false	"New York"	0	0	195031	478357	0.4077101411707156	"The New York Times, The COVID Tracking Project"	13.863	2017	16756	36.353	7.967	28	24.621	52936
"USA_US-NY_2020-04-14"	1	205375	7402	8637.57142857143	"United States of America"	"2020-04-14"	14001	1003	901.5714285714286	"USA_US-NY"	false	"New York"	0	0	202208	499143	0.4051103591555927	"The New York Times, The COVID Tracking Project"	16.504	1717	20786	37.353	8.774	29	25.621	54653
"USA_US-NY_2020-04-15"	1	217130	11755	8221.714285714286	"United States of America"	"2020-04-15"	14937	936	854.5714285714286	"USA_US-NY"	false	"New York"	0	0	213779	526012	0.4064146825547706	"The New York Times, The COVID Tracking Project"	16.906	2315	26869	38.353	9.495	30	26.621	56968
"USA_US-NY_2020-04-16"	1	225761	8631	7902.285714285715	"United States of America"	"2020-04-16"	15669	732	811	"USA_US-NY"	false	"New York"	0	0	222284	550579	0.4037277120994444	"The New York Times, The COVID Tracking Project"	16.504	2084	24567	39.353	10.664	31	27.621	59052
"USA_US-NY_2020-04-17"	1	233293	7532	7662.142857142857	"United States of America"	"2020-04-17"	16473	804	773.4285714285714	"USA_US-NY"	false	"New York"	0	0	229642	573223	0.4006154672788775	"The New York Times, The COVID Tracking Project"	16.504	2068	22644	40.353	11.748	32	28.621	61120
"USA_US-NY_2020-04-18"	1	240542	7249	7222.428571428572	"United States of America"	"2020-04-18"	17141	668	719.8571428571429	"USA_US-NY"	false	"New York"	0	0	236732	596532	0.3968471096269773	"The New York Times, The COVID Tracking Project"	17.773	1983	23309	41.353	13.863	33	29.621	63103
"USA_US-NY_2020-04-19"	1	246741	6199	6351.571428571428	"United States of America"	"2020-04-19"	17793	652	672.8571428571429	"USA_US-NY"	false	"New York"	0	0	242786	617555	0.393140691922177	"The New York Times, The COVID Tracking Project"	21.661	1447	21023	42.353	15.753	34	30.621	64550
"USA_US-NY_2020-04-20"	1	251608	4867	6024.428571428572	"United States of America"	"2020-04-20"	18412	619	649	"USA_US-NY"	false	"New York"	0	0	247512	633861	0.390483086985948	"The New York Times, The COVID Tracking Project"	25.672	1419	16306	43.353	17.329	35	31.621	65969
"USA_US-NY_2020-04-21"	1	255932	4324	6132.142857142857	"United States of America"	"2020-04-21"	19040	628	612.2857142857143	"USA_US-NY"	false	"New York"	0	0	251690	649325	0.3876179109074808	"The New York Times, The COVID Tracking Project"	30.137	1302	15464	44.353	19.254	36	32.621	67271
"USA_US-NY_2020-04-22"	1	261591	5659	6622.714285714285	"United States of America"	"2020-04-22"	19647	607	597.8571428571429	"USA_US-NY"	false	"New York"	0	0	257216	669982	0.3839147917406736	"The New York Times, The COVID Tracking Project"	34.657	1502	20657	45.353	20.387	37	33.621	68773
"USA_US-NY_2020-04-23"	1	267932	6341	6596.142857142857	"United States of America"	"2020-04-23"	20212	565	573	"USA_US-NY"	false	"New York"	0	0	263460	695920	0.37857799747097365	"The New York Times, The COVID Tracking Project"	34.657	1409	25938	46.353	21.661	38	34.621	70182
"USA_US-NY_2020-04-24"	1	276218	8286	6483.285714285715	"United States of America"	"2020-04-24"	20759	547	550.7142857142857	"USA_US-NY"	false	"New York"	0	0	271590	730656	0.37170706871633163	"The New York Times, The COVID Tracking Project"	30.137	1191	34736	47.353	23.105	39	35.621	71373
"USA_US-NY_2020-04-25"	1	286901	10683	6334.857142857143	"United States of America"	"2020-04-25"	21326	567	533.8571428571429	"USA_US-NY"	false	"New York"	0	0	282143	777568	0.3628531523931026	"The New York Times, The COVID Tracking Project"	24.755	1071	46912	48.353	24.755	40	36.621	72444
"USA_US-NY_2020-04-26"	1	292914	6013	6200.428571428572	"United States of America"	"2020-04-26"	21804	478	520	"USA_US-NY"	false	"New York"	0	0	288045	805350	0.3576643695287763	"The New York Times, The COVID Tracking Project"	23.902	1096	27782	49.353	26.66	41	37.621	73540
"USA_US-NY_2020-04-27"	1	296991	4077	5966.285714285715	"United States of America"	"2020-04-27"	22267	463	486.2857142857143	"USA_US-NY"	false	"New York"	0	0	291996	826095	0.35346540046846914	"The New York Times, The COVID Tracking Project"	26.66	1062	20745	50.353	28.881	42	38.621	74602
"USA_US-NY_2020-04-28"	1	300276	3285	5336.714285714285	"United States of America"	"2020-04-28"	22777	510	440.2857142857143	"USA_US-NY"	false	"New York"	0	0	295106	844994	0.34924034963561873	"The New York Times, The COVID Tracking Project"	34.657	760	18899	51.353	30.137	43	39.621	75362
"USA_US-NY_2020-04-29"	1	304994	4718	4461.857142857143	"United States of America"	"2020-04-29"	23287	510	387	"USA_US-NY"	false	"New York"	0	0	299691	872481	0.3434928668933765	"The New York Times, The COVID Tracking Project"	46.21	1088	27487	52.353	31.507	44	40.621	76450
"USA_US-NY_2020-04-30"	1	309696	4702	4131.285714285715	"United States of America"	"2020-04-30"	23616	329	396	"USA_US-NY"	false	"New York"	0	0	304372	900636	0.33795229149179024	"The New York Times, The COVID Tracking Project"	49.511	950	28155	53.353	34.657	45	41.621	77400
"USA_US-NY_2020-05-01"	1	313575	3879	3909.4285714285716	"United States of America"	"2020-05-01"	23841	225	360.14285714285717	"USA_US-NY"	false	"New York"	0	0	308314	927438	0.3324362383253651	"The New York Times, The COVID Tracking Project"	49.511	824	26802	54.353	40.773	46	42.621	78224
"USA_US-NY_2020-05-02"	1	318134	4559	3769	"United States of America"	"2020-05-02"	24035	194	321.57142857142856	"USA_US-NY"	false	"New York"	0	0	312977	959071	0.3263335039845851	"The New York Times, The COVID Tracking Project"	49.511	718	31633	55.353	53.319	47	43.621	78942
"USA_US-NY_2020-05-03"	1	321833	3699	3487.285714285714	"United States of America"	"2020-05-03"	24576	541	381.2857142857143	"USA_US-NY"	false	"New York"	0	0	316415	985911	0.32093667683999877	"The New York Times, The COVID Tracking Project"	53.319	826	26840	56.353	53.319	48	44.621	79768
"USA_US-NY_2020-05-04"	1	324357	2524	3319.285714285714	"United States of America"	"2020-05-04"	24788	212	370	"USA_US-NY"	false	"New York"	0	0	318953	1007310	0.3166383734897896	"The New York Times, The COVID Tracking Project"	57.762	608	21399	57.353	53.319	49	45.621	80376
"USA_US-NY_2020-05-05"	1	326659	2302	3175.5714285714284	"United States of America"	"2020-05-05"	25028	240	359.57142857142856	"USA_US-NY"	false	"New York"	0	0	321192	1028899	0.3121705823409295	"The New York Times, The COVID Tracking Project"	69.315	542	21589	58.353	53.319	50	46.621	80918
"USA_US-NY_2020-05-06"	1	329405	2746	2912.1428571428573	"United States of America"	"2020-05-06"	25956	928	364.14285714285717	"USA_US-NY"	false	"New York"	0	0	323978	1055921	0.30682030189758513	"The New York Times, The COVID Tracking Project"	86.643	652	27022	59.353	40.773	51	47.621	81570
"USA_US-NY_2020-05-07"	1	332931	3526	2689.1428571428573	"United States of America"	"2020-05-07"	26206	250	317.42857142857144	"USA_US-NY"	false	"New York"	0	0	327649	1089916	0.30061857978046014	"The New York Times, The COVID Tracking Project"	86.643	627	33995	60.353	40.773	52	48.621	82197
"USA_US-NY_2020-05-08"	1	335804	2873	2558.5714285714284	"United States of America"	"2020-05-08"	26358	152	316.42857142857144	"USA_US-NY"	false	"New York"	0	0	330407	1121543	0.29460038536195227	"The New York Times, The COVID Tracking Project"	77.016	533	31627	61.353	40.773	53	49.621	82730
"USA_US-NY_2020-05-09"	1	338519	2715	2435.1428571428573	"United States of America"	"2020-05-09"	26584	226	322	"USA_US-NY"	false	"New York"	0	0	333122	1153768	0.28872528965961963	"The New York Times, The COVID Tracking Project"	77.016	555	32225	62.353	49.511	54	50.621	83285
"USA_US-NY_2020-05-10"	1	340657	2138	2346.1428571428573	"United States of America"	"2020-05-10"	26798	214	213.14285714285714	"USA_US-NY"	false	"New York"	0	0	335395	1182998	0.28351273628526846	"The New York Times, The COVID Tracking Project"	86.643	476	29230	63.353	86.643	55	51.621	83761
"USA_US-NY_2020-05-11"	1	342267	1610	2180.1428571428573	"United States of America"	"2020-05-11"	27003	205	201.57142857142858	"USA_US-NY"	false	"New York"	0	0	337055	1204651	0.2797947289297896	"The New York Times, The COVID Tracking Project"	99.021	433	21653	64.353	86.643	56	52.621	84194
"USA_US-NY_2020-05-12"	1	343705	1438	2163.8571428571427	"United States of America"	"2020-05-12"	27282	279	199.57142857142858	"USA_US-NY"	false	"New York"	0	0	338485	1225113	0.2762887994821702	"The New York Times, The COVID Tracking Project"	115.525	295	20462	65.353	86.643	57	53.621	84489
"USA_US-NY_2020-05-13"	1	345828	2123	2088.1428571428573	"United States of America"	"2020-05-13"	27448	166	195.57142857142858	"USA_US-NY"	false	"New York"	0	0	340661	1258907	0.2706006083054586	"The New York Times, The COVID Tracking Project"	138.629	519	33794	66.353	86.643	58	54.621	85008
"USA_US-NY_2020-05-14"	1	348192	2364	2054.285714285714	"United States of America"	"2020-05-14"	27617	169	195.71428571428572	"USA_US-NY"	false	"New York"	0	0	343051	1298757	0.2641379411237052	"The New York Times, The COVID Tracking Project"	138.629	446	39850	67.353	86.643	59	55.621	85454
"USA_US-NY_2020-05-15"	1	350951	2759	2001.5714285714287	"United States of America"	"2020-05-15"	27755	138	185.57142857142858	"USA_US-NY"	false	"New York"	0	0	345813	1338048	0.2584458853494045	"The New York Times, The COVID Tracking Project"	115.525	328	39291	68.353	99.021	60	56.621	85782
"USA_US-NY_2020-05-16"	1	353136	2185	2007.4285714285713	"United States of America"	"2020-05-16"	27953	198	165	"USA_US-NY"	false	"New York"	0	0	348232	1378717	0.25257685224741555	"The New York Times, The COVID Tracking Project"	99.021	425	40669	69.353	115.525	61	57.621	86207
"USA_US-NY_2020-05-17"	1	355037	1901	1915.2857142857142	"United States of America"	"2020-05-17"	28168	215	156	"USA_US-NY"	false	"New York"	0	0	350121	1413396	0.2477161390013839	"The New York Times, The COVID Tracking Project"	99.021	368	34679	70.353	115.525	62	58.621	86575
"USA_US-NY_2020-05-18"	1	356278	1241	1874.4285714285713	"United States of America"	"2020-05-18"	28302	134	149.42857142857142	"USA_US-NY"	false	"New York"	0	0	351371	1439557	0.244082728228198	"The New York Times, The COVID Tracking Project"	115.525	326	26161	71.353	115.525	63	59.621	86901
"USA_US-NY_2020-05-19"	1	357757	1479	1720	"United States of America"	"2020-05-19"	28437	135	149.57142857142858	"USA_US-NY"	false	"New York"	0	0	352845	1467739	0.24040037091063193	"The New York Times, The COVID Tracking Project"	138.629	268	28182	72.353	115.525	64	60.621	87169
"USA_US-NY_2020-05-20"	1	359235	1478	1658.4285714285713	"United States of America"	"2020-05-20"	28540	103	135.28571428571428	"USA_US-NY"	false	"New York"	0	0	354370	1505836	0.2353310719095572	"The New York Times, The COVID Tracking Project"	173.287	290	38097	73.353	138.629	65	61.621	87459
"USA_US-NY_2020-05-21"	1	361313	2078	1615.5714285714287	"United States of America"	"2020-05-21"	28663	123	125.42857142857143	"USA_US-NY"	false	"New York"	0	0	356458	1555055	0.2292253328660401	"The New York Times, The COVID Tracking Project"	173.287	179	49219	74.353	173.287	66	62.621	87638
"USA_US-NY_2020-05-22"	1	362991	1678	1621	"United States of America"	"2020-05-22"	28802	139	119.42857142857143	"USA_US-NY"	false	"New York"	0	0	358154	1600793	0.22373536116162426	"The New York Times, The COVID Tracking Project"	138.629	205	45738	75.353	173.287	67	63.621	87843
"USA_US-NY_2020-05-23"	1	364745	1754	1558.857142857143	"United States of America"	"2020-05-23"	28900	98	114.85714285714286	"USA_US-NY"	false	"New York"	0	0	359926	1652061	0.21786483671002463	"The New York Times, The COVID Tracking Project"	138.629	240	51268	76.353	173.287	68	64.621	88083
"USA_US-NY_2020-05-24"	1	366346	1601	1509.4285714285713	"United States of America"	"2020-05-24"	29046	146	114.14285714285714	"USA_US-NY"	false	"New York"	0	0	361515	1699826	0.21267765053599605	"The New York Times, The COVID Tracking Project"	138.629	241	47765	77.353	173.287	69	65.621	88324
"USA_US-NY_2020-05-25"	1	367625	1279	1463.7142857142858	"United States of America"	"2020-05-25"	29138	92	110.71428571428571	"USA_US-NY"	false	"New York"	0	0	362764	1739449	0.20855109865250432	"The New York Times, The COVID Tracking Project"	173.287	230	39623	78.353	173.287	70	66.621	88554
"USA_US-NY_2020-05-26"	1	368669	1044	1445.2857142857142	"United States of America"	"2020-05-26"	29241	103	104.71428571428571	"USA_US-NY"	false	"New York"	0	0	363836	1774128	0.20507877672862387	"The New York Times, The COVID Tracking Project"	173.287	132	34679	79.353	173.287	71	67.621	88686
"USA_US-NY_2020-05-27"	1	369801	1132	1389.4285714285713	"United States of America"	"2020-05-27"	29339	98	101.71428571428571	"USA_US-NY"	false	"New York"	0	0	364965	1811544	0.20146626303308118	"The New York Times, The COVID Tracking Project"	231.049	180	37416	80.353	173.287	72	68.621	88866
"USA_US-NY_2020-05-28"	1	371559	1758	1318.4285714285713	"United States of America"	"2020-05-28"	29438	99	93.28571428571429	"USA_US-NY"	false	"New York"	0	0	366733	1876789	0.1954044913946107	"The New York Times, The COVID Tracking Project"	231.049	176	65245	81.353	231.049	73	69.621	89042
"USA_US-NY_2020-05-29"	1	373108	1549	1270.7142857142858	"United States of America"	"2020-05-29"	29535	97	89.71428571428571	"USA_US-NY"	false	"New York"	0	0	368284	1944130	0.18943383415718085	"The New York Times, The COVID Tracking Project"	173.287	152	67341	82.353	231.049	74	70.621	89194
"USA_US-NY_2020-05-30"	1	374471	1363	1316	"United States of America"	"2020-05-30"	29612	77	86.57142857142857	"USA_US-NY"	false	"New York"	0	0	369660	2005381	0.18433404924051838	"The New York Times, The COVID Tracking Project"	173.287	206	61251	83.353	231.049	75	71.621	89400
"USA_US-NY_2020-05-31"	1	375575	1104	1303.2857142857142	"United States of America"	"2020-05-31"	29699	87	82.71428571428571	"USA_US-NY"	false	"New York"	0	0	370770	2063825	0.17965186001720107	"The New York Times, The COVID Tracking Project"	173.287	190	58444	84.353	231.049	76	72.621	89590
"USA_US-NY_2020-06-01"	1	376520	945	1202.5714285714287	"United States of America"	"2020-06-01"	29766	67	81.85714285714286	"USA_US-NY"	false	"New York"	0	0	371711	2113777	0.17585156806985788	"The New York Times, The COVID Tracking Project"	231.049	113	49952	85.353	231.049	77	73.621	89703
"USA_US-NY_2020-06-02"	1	377881	1361	1130.142857142857	"United States of America"	"2020-06-02"	29847	81	75.85714285714286	"USA_US-NY"	false	"New York"	0	0	373040	2167831	0.17207983463655607	"The New York Times, The COVID Tracking Project"	231.049	158	54054	86.353	231.049	78	74.621	89861
"USA_US-NY_2020-06-03"	1	378924	1043	1090.142857142857	"United States of America"	"2020-06-03"	29918	71	73	"USA_US-NY"	false	"New York"	0	0	374085	2229473	0.16779077387346697	"The New York Times, The COVID Tracking Project"	231.049	134	61642	87.353	231.049	79	75.621	89995
"USA_US-NY_2020-06-04"	1	379977	1053	1043.4285714285713	"United States of America"	"2020-06-04"	30011	93	69.14285714285714	"USA_US-NY"	false	"New York"	0	0	375133	2293032	0.16359693192245028	"The New York Times, The COVID Tracking Project"	231.049	0	63559	88.353	231.049	80	76.621	89995
"USA_US-NY_2020-06-05"	1	381019	1042	1010.1428571428571	"United States of America"	"2020-06-05"	30066	55	67.57142857142857	"USA_US-NY"	false	"New York"	0	0	376208	2359512	0.1594431390897779	"The New York Times, The COVID Tracking Project"	231.049	0	66480	89.353	231.049	81	77.621	89995
"USA_US-NY_2020-06-06"	1	382102	1083	914.2857142857143	"United States of America"	"2020-06-06"	30123	57	66	"USA_US-NY"	false	"New York"	0	0	377316	2437407	0.15480221399216462	"The New York Times, The COVID Tracking Project"	231.049	0	77895	90.353	346.574	82	78.621	89995
"USA_US-NY_2020-06-07"	1	382879	777	860.1428571428571	"United States of America"	"2020-06-07"	30183	60	65.42857142857143	"USA_US-NY"	false	"New York"	0	0	378097	2497842	0.15136946211970173	"The New York Times, The COVID Tracking Project"	231.049	0	60435	91.353	346.574	83	79.621	89995
"USA_US-NY_2020-06-08"	1	383591	712	813.1428571428571	"United States of America"	"2020-06-08"	30239	56	60	"USA_US-NY"	false	"New York"	0	0	378799	2555896	0.14820595204186712	"The New York Times, The COVID Tracking Project"	346.574	0	58054	92.353	346.574	84	80.621	89995
"USA_US-NY_2020-06-09"	1	384281	690	781.5714285714286	"United States of America"	"2020-06-09"	30309	70	63.57142857142857	"USA_US-NY"	false	"New York"	0	0	379482	2605869	0.1456258929362911	"The New York Times, The COVID Tracking Project"	346.574	0	49973	93.353	346.574	85	81.621	89995
"USA_US-NY_2020-06-10"	1	384945	664	757.1428571428571	"United States of America"	"2020-06-10"	30376	67	63.142857142857146	"USA_US-NY"	false	"New York"	0	0	380156	2668166	0.14247839152436542	"The New York Times, The COVID Tracking Project"	346.574	0	62297	94.353	346.574	86	82.621	89995
"USA_US-NY_2020-06-11"	1	385669	724	745.2857142857143	"United States of America"	"2020-06-11"	30431	55	60.285714285714285	"USA_US-NY"	false	"New York"	0	0	380892	2729005	0.13957174867763159	"The New York Times, The COVID Tracking Project"	346.574	0	60839	95.353	346.574	87	83.621	89995
"USA_US-NY_2020-06-12"	1	386490	821	732.5714285714286	"United States of America"	"2020-06-12"	30511	80	58	"USA_US-NY"	false	"New York"	0	0	381714	2801400	0.13625829942171772	"The New York Times, The COVID Tracking Project"	346.574	0	72395	96.353	346.574	88	84.621	89995
"USA_US-NY_2020-06-13"	1	387402	912	724	"United States of America"	"2020-06-13"	30565	54	53.42857142857143	"USA_US-NY"	false	"New York"	0	0	382630	2872240	0.13321658357240343	"The New York Times, The COVID Tracking Project"	346.574	0	70840	97.353	346.574	89	85.621	89995
"USA_US-NY_2020-06-14"	1	388096	694	709.2857142857143	"United States of America"	"2020-06-14"	30605	40	49.42857142857143	"USA_US-NY"	false	"New York"	0	0	383324	2934599	0.130622275820308	"The New York Times, The COVID Tracking Project"	346.574	0	62359	98.353	346.574	90	86.621	89995
"USA_US-NY_2020-06-15"	1	388719	623	695.2857142857143	"United States of America"	"2020-06-15"	30645	40	48	"USA_US-NY"	false	"New York"	0	0	383944	2991210	0.1283574205756199	"The New York Times, The COVID Tracking Project"	346.574	0	56611	99.353	346.574	91	87.621	89995
"USA_US-NY_2020-06-16"	1	389349	630	691.4285714285714	"United States of America"	"2020-06-16"	30683	38	43.57142857142857	"USA_US-NY"	false	"New York"	0	0	384575	3051778	0.126016702394473	"The New York Times, The COVID Tracking Project"	346.574	0	60568	100.353	693.147	92	88.621	89995
"USA_US-NY_2020-06-17"	1	389910	561	662.1428571428571	"United States of America"	"2020-06-17"	30722	39	39.142857142857146	"USA_US-NY"	false	"New York"	0	0	385142	3111119	0.12379532894755874	"The New York Times, The COVID Tracking Project"	346.574	0	59341	101.353	693.147	93	89.621	89995
"USA_US-NY_2020-06-18"	1	390536	626	658	"United States of America"	"2020-06-18"	30767	45	39.857142857142854	"USA_US-NY"	false	"New York"	0	0	385760	3179660	0.12132114754407704	"The New York Times, The COVID Tracking Project"	346.574	0	68541	102.353	693.147	94	90.621	89995
"USA_US-NY_2020-06-19"	1	391330	794	648.2857142857143	"United States of America"	"2020-06-19"	30816	49	41.285714285714285	"USA_US-NY"	false	"New York"	0	0	386556	3258963	0.11861319076037377	"The New York Times, The COVID Tracking Project"	346.574	0	79303	103.353	693.147	95	91.621	89995
"USA_US-NY_2020-06-20"	1	392037	707	643.7142857142857	"United States of America"	"2020-06-20"	30839	23	41	"USA_US-NY"	false	"New York"	0	0	387272	3327793	0.11637502693226412	"The New York Times, The COVID Tracking Project"	346.574	0	68830	104.353	693.147	96	92.621	89995
"USA_US-NY_2020-06-21"	1	392702	665	645.7142857142857	"United States of America"	"2020-06-21"	30884	45	39.857142857142854	"USA_US-NY"	false	"New York"	0	0	387936	3395319	0.11425612733295458	"The New York Times, The COVID Tracking Project"	346.574	0	67526	105.353	693.147	97	93.621	89995
"USA_US-NY_2020-06-22"	1	393257	555	661.7142857142857	"United States of America"	"2020-06-22"	30934	50	37.42857142857143	"USA_US-NY"	false	"New York"	0	0	388488	3452099	0.11253674938059424	"The New York Times, The COVID Tracking Project"	346.574	0	56780	106.353	693.147	98	94.621	89995
"USA_US-NY_2020-06-23"	1	393855	598	663.1428571428571	"United States of America"	"2020-06-23"	30970	36	37	"USA_US-NY"	false	"New York"	0	0	389085	3500808	0.11114148505145098	"The New York Times, The COVID Tracking Project"	346.574	0	48709	107.353	693.147	99	95.621	89995
"USA_US-NY_2020-06-24"	1	394430	575	661.7142857142857	"United States of America"	"2020-06-24"	31001	31	38	"USA_US-NY"	false	"New York"	0	0	389666	3551952	0.1097047482623639	"The New York Times, The COVID Tracking Project"	346.574	0	51144	108.353	693.147	100	96.621	89995
"USA_US-NY_2020-06-25"	1	395168	738	655.8571428571429	"United States of America"	"2020-06-25"	31029	28	36.142857142857146	"USA_US-NY"	false	"New York"	0	0	390415	3619594	0.10786154469258154	"The New York Times, The COVID Tracking Project"	346.574	0	67642	109.353	693.147	101	97.621	89995
"USA_US-NY_2020-06-26"	1	395972	804	632.4285714285714	"United States of America"	"2020-06-26"	31075	46	29.857142857142858	"USA_US-NY"	false	"New York"	0	0	391220	3681317	0.10627175002859031	"The New York Times, The COVID Tracking Project"	346.574	0	61723	110.353	693.147	102	98.621	89995
"USA_US-NY_2020-06-27"	1	396669	697	612.4285714285714	"United States of America"	"2020-06-27"	31105	30	115.14285714285714	"USA_US-NY"	false	"New York"	0	0	391923	3754579	0.10438533854261689	"The New York Times, The COVID Tracking Project"	346.574	0	73262	111.353	693.147	103	99.621	89995
"USA_US-NY_2020-06-28"	1	397293	624	620	"United States of America"	"2020-06-28"	31137	32	112.85714285714286	"USA_US-NY"	false	"New York"	0	0	392539	3816485	0.10285354193714898	"The New York Times, The COVID Tracking Project"	346.574	0	61906	112.353	693.147	104	100.621	89995
"USA_US-NY_2020-06-29"	1	397684	391	639.1428571428571	"United States of America"	"2020-06-29"	31143	6	112.14285714285714	"USA_US-NY"	false	"New York"	0	0	392930	3862913	0.10171857352210624	"The New York Times, The COVID Tracking Project"	346.574	0	46428	113.353	693.147	105	101.621	89995
"USA_US-NY_2020-06-30"	1	398142	458	655.5714285714286	"United States of America"	"2020-06-30"	31776	633	108.71428571428571	"USA_US-NY"	false	"New York"	0	0	393454	3914938	0.10050069758448282	"The New York Times, The COVID Tracking Project"	693.147	0	52025	114.353	138.629	106	102.621	89995
"USA_US-NY_2020-07-01"	1	398770	628	659.5714285714286	"United States of America"	"2020-07-01"	31791	15	107.85714285714286	"USA_US-NY"	false	"New York"	0	0	394079	3971648	0.09922304292827562	"The New York Times, The COVID Tracking Project"	693.147	0	56710	115.353	115.525	107	103.621	89995
"USA_US-NY_2020-07-02"	1	399642	872	647	"United States of America"	"2020-07-02"	31814	23	108.28571428571429	"USA_US-NY"	false	"New York"	0	0	394954	4041593	0.09772235848587425	"The New York Times, The COVID Tracking Project"	693.147	0	69945	116.353	115.525	108	104.621	89995
"USA_US-NY_2020-07-03"	1	400561	919	664.8571428571429	"United States of America"	"2020-07-03"	31836	22	109.71428571428571	"USA_US-NY"	false	"New York"	0	0	395872	4107985	0.096366466771422	"The New York Times, The COVID Tracking Project"	346.574	0	66392	117.353	138.629	109	105.621	89995
"USA_US-NY_2020-07-04"	1	401286	725	683.7142857142857	"United States of America"	"2020-07-04"	31860	24	22.571428571428573	"USA_US-NY"	false	"New York"	0	0	396598	4170388	0.09509858555127244	"The New York Times, The COVID Tracking Project"	346.574	0	62403	118.353	693.147	110	106.621	89995
"USA_US-NY_2020-07-05"	1	401822	536	692.7142857142857	"United States of America"	"2020-07-05"	31895	35	22	"USA_US-NY"	false	"New York"	0	0	397131	4233803	0.09380006580372303	"The New York Times, The COVID Tracking Project"	346.574	0	63415	119.353	693.147	111	107.621	89995
"USA_US-NY_2020-07-06"	1	402338	516	652.1428571428571	"United States of America"	"2020-07-06"	31911	16	23.571428571428573	"USA_US-NY"	false	"New York"	0	0	397649	4288131	0.09273247482411334	"The New York Times, The COVID Tracking Project"	346.574	0	54328	120.353	693.147	112	108.621	89995
"USA_US-NY_2020-07-07"	1	402928	590	633.7142857142857	"United States of America"	"2020-07-07"	31934	23	24	"USA_US-NY"	false	"New York"	0	0	398237	4344867	0.09165689076328458	"The New York Times, The COVID Tracking Project"	693.147	0	56736	121.353	693.147	113	109.621	89995
"USA_US-NY_2020-07-08"	1	403619	691	634	"United States of America"	"2020-07-08"	31945	11	22.714285714285715	"USA_US-NY"	false	"New York"	0	0	398929	4402452	0.0906151844472126	"The New York Times, The COVID Tracking Project"	693.147	0	57585	122.353	693.147	114	110.621	89995
"USA_US-NY_2020-07-09"	1	404207	588	654.4285714285714	"United States of America"	"2020-07-09"	31979	34	19.142857142857142	"USA_US-NY"	false	"New York"	0	0	399513	4468016	0.08941619725623184	"The New York Times, The COVID Tracking Project"	346.574	0	65564	123.353	693.147	115	111.621	89995
"USA_US-NY_2020-07-10"	1	404997	790	660.5714285714286	"United States of America"	"2020-07-10"	32004	25	23.428571428571427	"USA_US-NY"	false	"New York"	0	0	400299	4541574	0.08814102775821775	"The New York Times, The COVID Tracking Project"	346.574	0	73558	124.353	693.147	116	112.621	89995
"USA_US-NY_2020-07-11"	1	405724	727	706.7142857142857	"United States of America"	"2020-07-11"	32019	15	22.571428571428573	"USA_US-NY"	false	"New York"	0	0	401029	4610777	0.08697644670301774	"The New York Times, The COVID Tracking Project"	346.574	0	69203	125.353	693.147	117	113.621	89995
"USA_US-NY_2020-07-12"	1	406403	679	727.1428571428571	"United States of America"	"2020-07-12"	32029	10	24.285714285714285	"USA_US-NY"	false	"New York"	0	0	401706	4673195	0.08595960579432273	"The New York Times, The COVID Tracking Project"	346.574	0	62418	126.353	693.147	118	114.621	89995
"USA_US-NY_2020-07-13"	1	406962	559	752.7142857142857	"United States of America"	"2020-07-13"	32075	46	22	"USA_US-NY"	false	"New York"	0	0	402263	4724882	0.08513715263153662	"The New York Times, The COVID Tracking Project"	346.574	0	51687	127.353	693.147	119	115.621	89995
"USA_US-NY_2020-07-14"	1	407875	913	751	"United States of America"	"2020-07-14"	32092	17	20.428571428571427	"USA_US-NY"	false	"New York"	0	0	403175	4784927	0.08425938368547733	"The New York Times, The COVID Tracking Project"	346.574	0	60045	128.353	693.147	120	116.621	89995
"USA_US-NY_2020-07-15"	1	408709	834	754.5714285714286	"United States of America"	"2020-07-15"	32115	23	21.142857142857142	"USA_US-NY"	false	"New York"	0	0	404006	4848525	0.0833255474603101	"The New York Times, The COVID Tracking Project"	346.574	0	63598	129.353	693.147	121	117.621	89995
"USA_US-NY_2020-07-16"	1	409476	767	767.1666666666666	"United States of America"	"2020-07-16"	32133	18	23	"USA_US-NY"	false	"New York"	0	0	404775	4921210	0.08225111303927286	"The New York Times, The COVID Tracking Project"	346.574	0	72685	130.353	693.147	122	118.621	89995
"USA_US-NY_2020-07-17"	1	410254	778	808.8	"United States of America"	"2020-07-17"	32147	14	18.4	"USA_US-NY"	false	"New York"	0	0	405551	4999449	0.08111913932915407	"The New York Times, The COVID Tracking Project"	346.574	0	78239	131.353	693.147	123	119.621	89995
"USA_US-NY_2020-07-18"	1	411006	752	782.75	"United States of America"	"2020-07-18"	32167	20	18.75	"USA_US-NY"	true	"New York"	0	0	406305	5069266	0.08015065691956193	"The New York Times, The COVID Tracking Project"	346.574	0	69817	132.353	693.147	124	120.621	89995
